{
    "1": {
        "accuracy": 0.1576,
        "precision": 0.1576,
        "recall": 0.1576,
        "f1": 0.1576,
        "loss": 2.29968
    },
    "2": {
        "accuracy": 0.2033,
        "precision": 0.2033,
        "recall": 0.2033,
        "f1": 0.2033,
        "loss": 2.28997
    },
    "3": {
        "accuracy": 0.2398,
        "precision": 0.2398,
        "recall": 0.2398,
        "f1": 0.2398,
        "loss": 2.27943
    },
    "4": {
        "accuracy": 0.2689,
        "precision": 0.2689,
        "recall": 0.2689,
        "f1": 0.2689,
        "loss": 2.25584
    },
    "5": {
        "accuracy": 0.2708,
        "precision": 0.2708,
        "recall": 0.2708,
        "f1": 0.2708,
        "loss": 2.24039
    },
    "6": {
        "accuracy": 0.278,
        "precision": 0.278,
        "recall": 0.278,
        "f1": 0.278,
        "loss": 2.22289
    },
    "7": {
        "accuracy": 0.2851,
        "precision": 0.2851,
        "recall": 0.2851,
        "f1": 0.2851,
        "loss": 2.20151
    },
    "8": {
        "accuracy": 0.3135,
        "precision": 0.3135,
        "recall": 0.3135,
        "f1": 0.3135,
        "loss": 2.17745
    },
    "9": {
        "accuracy": 0.3498,
        "precision": 0.3498,
        "recall": 0.3498,
        "f1": 0.3498,
        "loss": 2.14923
    },
    "10": {
        "accuracy": 0.4014,
        "precision": 0.4014,
        "recall": 0.4014,
        "f1": 0.4014,
        "loss": 2.11636
    },
    "11": {
        "accuracy": 0.4211,
        "precision": 0.4211,
        "recall": 0.4211,
        "f1": 0.4211,
        "loss": 2.07754
    },
    "12": {
        "accuracy": 0.4458,
        "precision": 0.4458,
        "recall": 0.4458,
        "f1": 0.4458,
        "loss": 2.03354
    },
    "13": {
        "accuracy": 0.4669,
        "precision": 0.4669,
        "recall": 0.4669,
        "f1": 0.4669,
        "loss": 1.98372
    },
    "14": {
        "accuracy": 0.4917,
        "precision": 0.4917,
        "recall": 0.4917,
        "f1": 0.4917,
        "loss": 1.92867
    },
    "15": {
        "accuracy": 0.5448,
        "precision": 0.5448,
        "recall": 0.5448,
        "f1": 0.5448,
        "loss": 1.80215
    },
    "16": {
        "accuracy": 0.5541,
        "precision": 0.5541,
        "recall": 0.5541,
        "f1": 0.5541,
        "loss": 1.731
    },
    "17": {
        "accuracy": 0.5755,
        "precision": 0.5755,
        "recall": 0.5755,
        "f1": 0.5755,
        "loss": 1.65639
    },
    "18": {
        "accuracy": 0.5736,
        "precision": 0.5736,
        "recall": 0.5736,
        "f1": 0.5736,
        "loss": 1.57974
    },
    "19": {
        "accuracy": 0.584,
        "precision": 0.584,
        "recall": 0.584,
        "f1": 0.584,
        "loss": 1.50367
    },
    "20": {
        "accuracy": 0.6334,
        "precision": 0.6334,
        "recall": 0.6334,
        "f1": 0.6334,
        "loss": 1.42751
    },
    "21": {
        "accuracy": 0.6548,
        "precision": 0.6548,
        "recall": 0.6548,
        "f1": 0.6548,
        "loss": 1.35377
    },
    "22": {
        "accuracy": 0.6913,
        "precision": 0.6913,
        "recall": 0.6913,
        "f1": 0.6913,
        "loss": 1.28261
    },
    "23": {
        "accuracy": 0.6909,
        "precision": 0.6909,
        "recall": 0.6909,
        "f1": 0.6909,
        "loss": 1.21603
    },
    "24": {
        "accuracy": 0.7017,
        "precision": 0.7017,
        "recall": 0.7017,
        "f1": 0.7017,
        "loss": 1.15333
    },
    "25": {
        "accuracy": 0.7667,
        "precision": 0.7667,
        "recall": 0.7667,
        "f1": 0.7667,
        "loss": 1.09292
    },
    "26": {
        "accuracy": 0.7611,
        "precision": 0.7611,
        "recall": 0.7611,
        "f1": 0.7611,
        "loss": 0.98698
    },
    "27": {
        "accuracy": 0.79,
        "precision": 0.79,
        "recall": 0.79,
        "f1": 0.79,
        "loss": 0.93756
    },
    "28": {
        "accuracy": 0.7968,
        "precision": 0.7968,
        "recall": 0.7968,
        "f1": 0.7968,
        "loss": 0.89297
    },
    "29": {
        "accuracy": 0.8075,
        "precision": 0.8075,
        "recall": 0.8075,
        "f1": 0.8075,
        "loss": 0.85203
    },
    "30": {
        "accuracy": 0.814,
        "precision": 0.814,
        "recall": 0.814,
        "f1": 0.814,
        "loss": 0.81551
    },
    "31": {
        "accuracy": 0.8185,
        "precision": 0.8185,
        "recall": 0.8185,
        "f1": 0.8185,
        "loss": 0.78112
    },
    "32": {
        "accuracy": 0.8257,
        "precision": 0.8257,
        "recall": 0.8257,
        "f1": 0.8257,
        "loss": 0.75087
    },
    "33": {
        "accuracy": 0.8263,
        "precision": 0.8263,
        "recall": 0.8263,
        "f1": 0.8263,
        "loss": 0.72307
    },
    "34": {
        "accuracy": 0.8346,
        "precision": 0.8346,
        "recall": 0.8346,
        "f1": 0.8346,
        "loss": 0.67574
    },
    "35": {
        "accuracy": 0.8335,
        "precision": 0.8335,
        "recall": 0.8335,
        "f1": 0.8335,
        "loss": 0.64037
    },
    "36": {
        "accuracy": 0.8399,
        "precision": 0.8399,
        "recall": 0.8399,
        "f1": 0.8399,
        "loss": 0.61909
    },
    "37": {
        "accuracy": 0.8418,
        "precision": 0.8418,
        "recall": 0.8418,
        "f1": 0.8418,
        "loss": 0.60418
    },
    "38": {
        "accuracy": 0.8434,
        "precision": 0.8434,
        "recall": 0.8434,
        "f1": 0.8434,
        "loss": 0.59013
    },
    "39": {
        "accuracy": 0.847,
        "precision": 0.847,
        "recall": 0.847,
        "f1": 0.847,
        "loss": 0.5772
    },
    "40": {
        "accuracy": 0.8468,
        "precision": 0.8468,
        "recall": 0.8468,
        "f1": 0.8468,
        "loss": 0.55753
    },
    "41": {
        "accuracy": 0.8503,
        "precision": 0.8503,
        "recall": 0.8503,
        "f1": 0.8503,
        "loss": 0.5443
    },
    "42": {
        "accuracy": 0.8532,
        "precision": 0.8532,
        "recall": 0.8532,
        "f1": 0.8532,
        "loss": 0.52836
    },
    "43": {
        "accuracy": 0.8575,
        "precision": 0.8575,
        "recall": 0.8575,
        "f1": 0.8575,
        "loss": 0.51336
    },
    "44": {
        "accuracy": 0.8603,
        "precision": 0.8603,
        "recall": 0.8603,
        "f1": 0.8603,
        "loss": 0.49845
    },
    "45": {
        "accuracy": 0.8618,
        "precision": 0.8618,
        "recall": 0.8618,
        "f1": 0.8618,
        "loss": 0.49071
    },
    "46": {
        "accuracy": 0.8648,
        "precision": 0.8648,
        "recall": 0.8648,
        "f1": 0.8648,
        "loss": 0.4852
    },
    "47": {
        "accuracy": 0.8657,
        "precision": 0.8657,
        "recall": 0.8657,
        "f1": 0.8657,
        "loss": 0.47628
    },
    "48": {
        "accuracy": 0.867,
        "precision": 0.867,
        "recall": 0.867,
        "f1": 0.867,
        "loss": 0.46914
    },
    "49": {
        "accuracy": 0.8691,
        "precision": 0.8691,
        "recall": 0.8691,
        "f1": 0.8691,
        "loss": 0.463
    },
    "50": {
        "accuracy": 0.8696,
        "precision": 0.8696,
        "recall": 0.8696,
        "f1": 0.8696,
        "loss": 0.45849
    },
    "51": {
        "accuracy": 0.8704,
        "precision": 0.8704,
        "recall": 0.8704,
        "f1": 0.8704,
        "loss": 0.45456
    },
    "52": {
        "accuracy": 0.8727,
        "precision": 0.8727,
        "recall": 0.8727,
        "f1": 0.8727,
        "loss": 0.45031
    },
    "53": {
        "accuracy": 0.8734,
        "precision": 0.8734,
        "recall": 0.8734,
        "f1": 0.8734,
        "loss": 0.4464
    },
    "54": {
        "accuracy": 0.873,
        "precision": 0.873,
        "recall": 0.873,
        "f1": 0.873,
        "loss": 0.44309
    },
    "55": {
        "accuracy": 0.8731,