{
    "1": {
        "accuracy": 0.1021,
        "precision": 0.1021,
        "recall": 0.1021,
        "f1": 0.1021,
        "loss": 2.31026
    },
    "2": {
        "accuracy": 0.102,
        "precision": 0.102,
        "recall": 0.102,
        "f1": 0.102,
        "loss": 2.30825
    },
    "3": {
        "accuracy": 0.1019,
        "precision": 0.1019,
        "recall": 0.1019,
        "f1": 0.1019,
        "loss": 2.30617
    },
    "4": {
        "accuracy": 0.1021,
        "precision": 0.1021,
        "recall": 0.1021,
        "f1": 0.1021,
        "loss": 2.30396
    },
    "5": {
        "accuracy": 0.1023,
        "precision": 0.1023,
        "recall": 0.1023,
        "f1": 0.1023,
        "loss": 2.30157
    },
    "6": {
        "accuracy": 0.1029,
        "precision": 0.1029,
        "recall": 0.1029,
        "f1": 0.1029,
        "loss": 2.2996
    },
    "7": {
        "accuracy": 0.1033,
        "precision": 0.1033,
        "recall": 0.1033,
        "f1": 0.1033,
        "loss": 2.29712
    },
    "8": {
        "accuracy": 0.1034,
        "precision": 0.1034,
        "recall": 0.1034,
        "f1": 0.1034,
        "loss": 2.29488
    },
    "9": {
        "accuracy": 0.1038,
        "precision": 0.1038,
        "recall": 0.1038,
        "f1": 0.1038,
        "loss": 2.29291
    },
    "10": {
        "accuracy": 0.104,
        "precision": 0.104,
        "recall": 0.104,
        "f1": 0.104,
        "loss": 2.29087
    },
    "11": {
        "accuracy": 0.1041,
        "precision": 0.1041,
        "recall": 0.1041,
        "f1": 0.1041,
        "loss": 2.28855
    },
    "12": {
        "accuracy": 0.104,
        "precision": 0.104,
        "recall": 0.104,
        "f1": 0.104,
        "loss": 2.28629
    },
    "13": {
        "accuracy": 0.1037,
        "precision": 0.1037,
        "recall": 0.1037,
        "f1": 0.1037,
        "loss": 2.28391
    },
    "14": {
        "accuracy": 0.1038,
        "precision": 0.1038,
        "recall": 0.1038,
        "f1": 0.1038,
        "loss": 2.28185
    },
    "15": {
        "accuracy": 0.1043,
        "precision": 0.1043,
        "recall": 0.1043,
        "f1": 0.1043,
        "loss": 2.27962
    },
    "16": {
        "accuracy": 0.1049,
        "precision": 0.1049,
        "recall": 0.1049,
        "f1": 0.1049,
        "loss": 2.2776
    },
    "17": {
        "accuracy": 0.1056,
        "precision": 0.1056,
        "recall": 0.1056,
        "f1": 0.1056,
        "loss": 2.2752
    },
    "18": {
        "accuracy": 0.1069,
        "precision": 0.1069,
        "recall": 0.1069,
        "f1": 0.1069,
        "loss": 2.2722
    },
    "19": {
        "accuracy": 0.1098,
        "precision": 0.1098,
        "recall": 0.1098,
        "f1": 0.1098,
        "loss": 2.26975
    },
    "20": {
        "accuracy": 0.1112,
        "precision": 0.1112,
        "recall": 0.1112,
        "f1": 0.1112,
        "loss": 2.26703
    },
    "21": {
        "accuracy": 0.1132,
        "precision": 0.1132,
        "recall": 0.1132,
        "f1": 0.1132,
        "loss": 2.26374
    },
    "22": {
        "accuracy": 0.1169,
        "precision": 0.1169,
        "recall": 0.1169,
        "f1": 0.1169,
        "loss": 2.26113
    },
    "23": {
        "accuracy": 0.1179,
        "precision": 0.1179,
        "recall": 0.1179,
        "f1": 0.1179,
        "loss": 2.25826
    },
    "24": {
        "accuracy": 0.1251,
        "precision": 0.1251,
        "recall": 0.1251,
        "f1": 0.1251,
        "loss": 2.25454
    },
    "25": {
        "accuracy": 0.1295,
        "precision": 0.1295,
        "recall": 0.1295,
        "f1": 0.1295,
        "loss": 2.25144
    },
    "26": {
        "accuracy": 0.1339,
        "precision": 0.1339,
        "recall": 0.1339,
        "f1": 0.1339,
        "loss": 2.2482
    },
    "27": {
        "accuracy": 0.1396,
        "precision": 0.1396,
        "recall": 0.1396,
        "f1": 0.1396,
        "loss": 2.24433
    },
    "28": {
        "accuracy": 0.1468,
        "precision": 0.1468,
        "recall": 0.1468,
        "f1": 0.1468,
        "loss": 2.23986
    },
    "29": {
        "accuracy": 0.152,
        "precision": 0.152,
        "recall": 0.152,
        "f1": 0.152,
        "loss": 2.23625
    },
    "30": {
        "accuracy": 0.1554,
        "precision": 0.1554,
        "recall": 0.1554,
        "f1": 0.1554,
        "loss": 2.23237
    },
    "31": {
        "accuracy": 0.1631,
        "precision": 0.1631,
        "recall": 0.1631,
        "f1": 0.1631,
        "loss": 2.22811
    },
    "32": {
        "accuracy": 0.1662,
        "precision": 0.1662,
        "recall": 0.1662,
        "f1": 0.1662,
        "loss": 2.22346
    },
    "33": {
        "accuracy": 0.1761,
        "precision": 0.1761,
        "recall": 0.1761,
        "f1": 0.1761,
        "loss": 2.21863
    },
    "34": {
        "accuracy": 0.1831,
        "precision": 0.1831,
        "recall": 0.1831,
        "f1": 0.1831,
        "loss": 2.21435
    },
    "35": {
        "accuracy": 0.1963,
        "precision": 0.1963,
        "recall": 0.1963,
        "f1": 0.1963,
        "loss": 2.20887
    },
    "36": {
        "accuracy": 0.2098,
        "precision": 0.2098,
        "recall": 0.2098,
        "f1": 0.2098,
        "loss": 2.2033
    },
    "37": {
        "accuracy": 0.2176,
        "precision": 0.2176,
        "recall": 0.2176,
        "f1": 0.2176,
        "loss": 2.19817
    },
    "38": {
        "accuracy": 0.2486,
        "precision": 0.2486,
        "recall": 0.2486,
        "f1": 0.2486,
        "loss": 2.191
    },
    "39": {
        "accuracy": 0.2722,
        "precision": 0.2722,
        "recall": 0.2722,
        "f1": 0.2722,
        "loss": 2.18525
    },
    "40": {
        "accuracy": 0.2913,
        "precision": 0.2913,
        "recall": 0.2913,
        "f1": 0.2913,
        "loss": 2.17853
    },
    "41": {
        "accuracy": 0.3128,
        "precision": 0.3128,
        "recall": 0.3128,
        "f1": 0.3128,
        "loss": 2.17169
    },
    "42": {
        "accuracy": 0.3445,
        "precision": 0.3445,
        "recall": 0.3445,
        "f1": 0.3445,
        "loss": 2.16561
    },
    "43": {
        "accuracy": 0.3588,
        "precision": 0.3588,
        "recall": 0.3588,
        "f1": 0.3588,
        "loss": 2.15904
    },
    "44": {
        "accuracy": 0.3716,
        "precision": 0.3716,
        "recall": 0.3716,
        "f1": 0.3716,
        "loss": 2.15095
    },
    "45": {
        "accuracy": 0.3922,
        "precision": 0.3922,
        "recall": 0.3922,
        "f1": 0.3922,
        "loss": 2.1431
    },
    "46": {
        "accuracy": 0.4077,
        "precision": 0.4077,
        "recall": 0.4077,
        "f1": 0.4077,
        "loss": 2.1358
    },
    "47": {
        "accuracy": 0.4243,
        "precision": 0.4243,
        "recall": 0.4243,
        "f1": 0.4243,
        "loss": 2.12796
    },
    "48": {
        "accuracy": 0.444,
        "precision": 0.444,
        "recall": 0.444,
        "f1": 0.444,
        "loss": 2.12005
    },
    "49": {
        "accuracy": 0.4679,
        "precision": 0.4679,
        "recall": 0.4679,
        "f1": 0.4679,
        "loss": 2.11134
    },
    "50": {
        "accuracy": 0.4821,
        "precision": 0.4821,
        "recall": 0.4821,
        "f1": 0.4821,
        "loss": 2.10364
    },
    "51": {
        "accuracy": 0.4908,
        "precision": 0.4908,
        "recall": 0.4908,
        "f1": 0.4908,
        "loss": 2.0909
    },
    "52": {
        "accuracy": 0.5137,
        "precision": 0.5137,
        "recall": 0.5137,
        "f1": 0.5137,
        "loss": 2.0789
    },
    "53": {
        "accuracy": 0.5385,
        "precision": 0.5385,
        "recall": 0.5385,
        "f1": 0.5385,
        "loss": 2.06597
    },
    "54": {
        "accuracy": 0.5613,
        "precision": 0.5613,
        "recall": 0.5613,
        "f1": 0.5613,
        "loss": 2.05318
    },
    "55": {
        "accuracy": 0.5653,