{
    "1": {
        "accuracy": 0.114,
        "precision": 0.114,
        "recall": 0.114,
        "f1": 0.114,
        "loss": 2.30378
    },
    "2": {
        "accuracy": 0.1348,
        "precision": 0.1348,
        "recall": 0.1348,
        "f1": 0.1348,
        "loss": 2.30037
    },
    "3": {
        "accuracy": 0.1573,
        "precision": 0.1573,
        "recall": 0.1573,
        "f1": 0.1573,
        "loss": 2.29698
    },
    "4": {
        "accuracy": 0.1789,
        "precision": 0.1789,
        "recall": 0.1789,
        "f1": 0.1789,
        "loss": 2.29354
    },
    "5": {
        "accuracy": 0.2048,
        "precision": 0.2048,
        "recall": 0.2048,
        "f1": 0.2048,
        "loss": 2.29
    },
    "6": {
        "accuracy": 0.2234,
        "precision": 0.2234,
        "recall": 0.2234,
        "f1": 0.2234,
        "loss": 2.28632
    },
    "7": {
        "accuracy": 0.2366,
        "precision": 0.2366,
        "recall": 0.2366,
        "f1": 0.2366,
        "loss": 2.2825
    },
    "8": {
        "accuracy": 0.2494,
        "precision": 0.2494,
        "recall": 0.2494,
        "f1": 0.2494,
        "loss": 2.27852
    },
    "9": {
        "accuracy": 0.2593,
        "precision": 0.2593,
        "recall": 0.2593,
        "f1": 0.2593,
        "loss": 2.27433
    },
    "10": {
        "accuracy": 0.2668,
        "precision": 0.2668,
        "recall": 0.2668,
        "f1": 0.2668,
        "loss": 2.26994
    },
    "11": {
        "accuracy": 0.2749,
        "precision": 0.2749,
        "recall": 0.2749,
        "f1": 0.2749,
        "loss": 2.26535
    },
    "12": {
        "accuracy": 0.2811,
        "precision": 0.2811,
        "recall": 0.2811,
        "f1": 0.2811,
        "loss": 2.26059
    },
    "13": {
        "accuracy": 0.2875,
        "precision": 0.2875,
        "recall": 0.2875,
        "f1": 0.2875,
        "loss": 2.25563
    },
    "14": {
        "accuracy": 0.2914,
        "precision": 0.2914,
        "recall": 0.2914,
        "f1": 0.2914,
        "loss": 2.25048
    },
    "15": {
        "accuracy": 0.2976,
        "precision": 0.2976,
        "recall": 0.2976,
        "f1": 0.2976,
        "loss": 2.24512
    },
    "16": {
        "accuracy": 0.3042,
        "precision": 0.3042,
        "recall": 0.3042,
        "f1": 0.3042,
        "loss": 2.23951
    },
    "17": {
        "accuracy": 0.3125,
        "precision": 0.3125,
        "recall": 0.3125,
        "f1": 0.3125,
        "loss": 2.23363
    },
    "18": {
        "accuracy": 0.3195,
        "precision": 0.3195,
        "recall": 0.3195,
        "f1": 0.3195,
        "loss": 2.22746
    },
    "19": {
        "accuracy": 0.3273,
        "precision": 0.3273,
        "recall": 0.3273,
        "f1": 0.3273,
        "loss": 2.22097
    },
    "20": {
        "accuracy": 0.3348,
        "precision": 0.3348,
        "recall": 0.3348,
        "f1": 0.3348,
        "loss": 2.21416
    },
    "21": {
        "accuracy": 0.3432,
        "precision": 0.3432,
        "recall": 0.3432,
        "f1": 0.3432,
        "loss": 2.20702
    },
    "22": {
        "accuracy": 0.3509,
        "precision": 0.3509,
        "recall": 0.3509,
        "f1": 0.3509,
        "loss": 2.19952
    },
    "23": {
        "accuracy": 0.3589,
        "precision": 0.3589,
        "recall": 0.3589,
        "f1": 0.3589,
        "loss": 2.19164
    },
    "24": {
        "accuracy": 0.3673,
        "precision": 0.3673,
        "recall": 0.3673,
        "f1": 0.3673,
        "loss": 2.18332
    },
    "25": {
        "accuracy": 0.3752,
        "precision": 0.3752,
        "recall": 0.3752,
        "f1": 0.3752,
        "loss": 2.17454
    },
    "26": {
        "accuracy": 0.3843,
        "precision": 0.3843,
        "recall": 0.3843,
        "f1": 0.3843,
        "loss": 2.16524
    },
    "27": {
        "accuracy": 0.3944,
        "precision": 0.3944,
        "recall": 0.3944,
        "f1": 0.3944,
        "loss": 2.1554
    },
    "28": {
        "accuracy": 0.4041,
        "precision": 0.4041,
        "recall": 0.4041,
        "f1": 0.4041,
        "loss": 2.14499
    },
    "29": {
        "accuracy": 0.412,
        "precision": 0.412,
        "recall": 0.412,
        "f1": 0.412,
        "loss": 2.13396
    },
    "30": {
        "accuracy": 0.4205,
        "precision": 0.4205,
        "recall": 0.4205,
        "f1": 0.4205,
        "loss": 2.12231
    },
    "31": {
        "accuracy": 0.4274,
        "precision": 0.4274,
        "recall": 0.4274,
        "f1": 0.4274,
        "loss": 2.11004
    },
    "32": {
        "accuracy": 0.4356,
        "precision": 0.4356,
        "recall": 0.4356,
        "f1": 0.4356,
        "loss": 2.09712
    },
    "33": {
        "accuracy": 0.4429,
        "precision": 0.4429,
        "recall": 0.4429,
        "f1": 0.4429,
        "loss": 2.08352
    },
    "34": {
        "accuracy": 0.4501,
        "precision": 0.4501,
        "recall": 0.4501,
        "f1": 0.4501,
        "loss": 2.06922
    },
    "35": {
        "accuracy": 0.4563,
        "precision": 0.4563,
        "recall": 0.4563,
        "f1": 0.4563,
        "loss": 2.0542
    },
    "36": {
        "accuracy": 0.461,
        "precision": 0.461,
        "recall": 0.461,
        "f1": 0.461,
        "loss": 2.03843
    },
    "37": {
        "accuracy": 0.4687,
        "precision": 0.4687,
        "recall": 0.4687,
        "f1": 0.4687,
        "loss": 2.02189
    },
    "38": {
        "accuracy": 0.4751,
        "precision": 0.4751,
        "recall": 0.4751,
        "f1": 0.4751,
        "loss": 2.00455
    },
    "39": {
        "accuracy": 0.4819,
        "precision": 0.4819,
        "recall": 0.4819,
        "f1": 0.4819,
        "loss": 1.98641
    },
    "40": {
        "accuracy": 0.488,
        "precision": 0.488,
        "recall": 0.488,
        "f1": 0.488,
        "loss": 1.96746
    },
    "41": {
        "accuracy": 0.497,
        "precision": 0.497,
        "recall": 0.497,
        "f1": 0.497,
        "loss": 1.94768
    },
    "42": {
        "accuracy": 0.504,
        "precision": 0.504,
        "recall": 0.504,
        "f1": 0.504,
        "loss": 1.92707
    },
    "43": {
        "accuracy": 0.5121,
        "precision": 0.5121,
        "recall": 0.5121,
        "f1": 0.5121,
        "loss": 1.90563
    },
    "44": {
        "accuracy": 0.5198,
        "precision": 0.5198,
        "recall": 0.5198,
        "f1": 0.5198,
        "loss": 1.88338
    },
    "45": {
        "accuracy": 0.5286,
        "precision": 0.5286,
        "recall": 0.5286,
        "f1": 0.5286,
        "loss": 1.8603
    },
    "46": {
        "accuracy": 0.5352,
        "precision": 0.5352,
        "recall": 0.5352,
        "f1": 0.5352,
        "loss": 1.83645
    },
    "47": {
        "accuracy": 0.5447,
        "precision": 0.5447,
        "recall": 0.5447,
        "f1": 0.5447,
        "loss": 1.81185
    },
    "48": {
        "accuracy": 0.5542,
        "precision": 0.5542,
        "recall": 0.5542,
        "f1": 0.5542,
        "loss": 1.78653
    },
    "49": {
        "accuracy": 0.5664,
        "precision": 0.5664,
        "recall": 0.5664,
        "f1": 0.5664,
        "loss": 1.76051
    },
    "50": {
        "accuracy": 0.5777,
        "precision": 0.5777,
        "recall": 0.5777,
        "f1": 0.5777,
        "loss": 1.73385
    },
    "51": {
        "accuracy": 0.5896,
        "precision": 0.5896,
        "recall": 0.5896,
        "f1": 0.5896,
        "loss": 1.7066
    },
    "52": {
        "accuracy": 0.6036,
        "precision": 0.6036,
        "recall": 0.6036,
        "f1": 0.6036,
        "loss": 1.67878
    },
    "53": {
        "accuracy": 0.6179,
        "precision": 0.6179,
        "recall": 0.6179,
        "f1": 0.6179,
        "loss": 1.65047
    },
    "54": {
        "accuracy": 0.6328,
        "precision": 0.6328,
        "recall": 0.6328,
        "f1": 0.6328,
        "loss": 1.62172
    },
    "55": {
        "accuracy": 0.6461,