{
    "1": {
        "accuracy": 0.1005,
        "precision": 0.1005,
        "recall": 0.1005,
        "f1": 0.1005,
        "loss": 2.29251
    },
    "2": {
        "accuracy": 0.1009,
        "precision": 0.1009,
        "recall": 0.1009,
        "f1": 0.1009,
        "loss": 2.28461
    },
    "3": {
        "accuracy": 0.1026,
        "precision": 0.1026,
        "recall": 0.1026,
        "f1": 0.1026,
        "loss": 2.27586
    },
    "4": {
        "accuracy": 0.1166,
        "precision": 0.1166,
        "recall": 0.1166,
        "f1": 0.1166,
        "loss": 2.26625
    },
    "5": {
        "accuracy": 0.1507,
        "precision": 0.1507,
        "recall": 0.1507,
        "f1": 0.1507,
        "loss": 2.25554
    },
    "6": {
        "accuracy": 0.1889,
        "precision": 0.1889,
        "recall": 0.1889,
        "f1": 0.1889,
        "loss": 2.24345
    },
    "7": {
        "accuracy": 0.225,
        "precision": 0.225,
        "recall": 0.225,
        "f1": 0.225,
        "loss": 2.22973
    },
    "8": {
        "accuracy": 0.2561,
        "precision": 0.2561,
        "recall": 0.2561,
        "f1": 0.2561,
        "loss": 2.21408
    },
    "9": {
        "accuracy": 0.2866,
        "precision": 0.2866,
        "recall": 0.2866,
        "f1": 0.2866,
        "loss": 2.19619
    },
    "10": {
        "accuracy": 0.3253,
        "precision": 0.3253,
        "recall": 0.3253,
        "f1": 0.3253,
        "loss": 2.17558
    },
    "11": {
        "accuracy": 0.3663,
        "precision": 0.3663,
        "recall": 0.3663,
        "f1": 0.3663,
        "loss": 2.15185
    },
    "12": {
        "accuracy": 0.3972,
        "precision": 0.3972,
        "recall": 0.3972,
        "f1": 0.3972,
        "loss": 2.12469
    },
    "13": {
        "accuracy": 0.4214,
        "precision": 0.4214,
        "recall": 0.4214,
        "f1": 0.4214,
        "loss": 2.09373
    },
    "14": {
        "accuracy": 0.439,
        "precision": 0.439,
        "recall": 0.439,
        "f1": 0.439,
        "loss": 2.05872
    },
    "15": {
        "accuracy": 0.4544,
        "precision": 0.4544,
        "recall": 0.4544,
        "f1": 0.4544,
        "loss": 2.0194
    },
    "16": {
        "accuracy": 0.4672,
        "precision": 0.4672,
        "recall": 0.4672,
        "f1": 0.4672,
        "loss": 1.97561
    },
    "17": {
        "accuracy": 0.4804,
        "precision": 0.4804,
        "recall": 0.4804,
        "f1": 0.4804,
        "loss": 1.92716
    },
    "18": {
        "accuracy": 0.4979,
        "precision": 0.4979,
        "recall": 0.4979,
        "f1": 0.4979,
        "loss": 1.87423
    },
    "19": {
        "accuracy": 0.5276,
        "precision": 0.5276,
        "recall": 0.5276,
        "f1": 0.5276,
        "loss": 1.81698
    },
    "20": {
        "accuracy": 0.569,
        "precision": 0.569,
        "recall": 0.569,
        "f1": 0.569,
        "loss": 1.75592
    },
    "21": {
        "accuracy": 0.5976,
        "precision": 0.5976,
        "recall": 0.5976,
        "f1": 0.5976,
        "loss": 1.69147
    },
    "22": {
        "accuracy": 0.6243,
        "precision": 0.6243,
        "recall": 0.6243,
        "f1": 0.6243,
        "loss": 1.62438
    },
    "23": {
        "accuracy": 0.6501,
        "precision": 0.6501,
        "recall": 0.6501,
        "f1": 0.6501,
        "loss": 1.5555
    },
    "24": {
        "accuracy": 0.6729,
        "precision": 0.6729,
        "recall": 0.6729,
        "f1": 0.6729,
        "loss": 1.48601
    },
    "25": {
        "accuracy": 0.688,
        "precision": 0.688,
        "recall": 0.688,
        "f1": 0.688,
        "loss": 1.41686
    },
    "26": {
        "accuracy": 0.7019,
        "precision": 0.7019,
        "recall": 0.7019,
        "f1": 0.7019,
        "loss": 1.34956
    },
    "27": {
        "accuracy": 0.7122,
        "precision": 0.7122,
        "recall": 0.7122,
        "f1": 0.7122,
        "loss": 1.28472
    },
    "28": {
        "accuracy": 0.7223,
        "precision": 0.7223,
        "recall": 0.7223,
        "f1": 0.7223,
        "loss": 1.22326
    },
    "29": {
        "accuracy": 0.7296,
        "precision": 0.7296,
        "recall": 0.7296,
        "f1": 0.7296,
        "loss": 1.16533
    },
    "30": {
        "accuracy": 0.7384,
        "precision": 0.7384,
        "recall": 0.7384,
        "f1": 0.7384,
        "loss": 1.11143
    },
    "31": {
        "accuracy": 0.7474,
        "precision": 0.7474,
        "recall": 0.7474,
        "f1": 0.7474,
        "loss": 1.06166
    },
    "32": {
        "accuracy": 0.7532,
        "precision": 0.7532,
        "recall": 0.7532,
        "f1": 0.7532,
        "loss": 1.01582
    },
    "33": {
        "accuracy": 0.7624,
        "precision": 0.7624,
        "recall": 0.7624,
        "f1": 0.7624,
        "loss": 0.97388
    },
    "34": {
        "accuracy": 0.7671,
        "precision": 0.7671,
        "recall": 0.7671,
        "f1": 0.7671,
        "loss": 0.93552
    },
    "35": {
        "accuracy": 0.7727,
        "precision": 0.7727,
        "recall": 0.7727,
        "f1": 0.7727,
        "loss": 0.90063
    },
    "36": {
        "accuracy": 0.7797,
        "precision": 0.7797,
        "recall": 0.7797,
        "f1": 0.7797,
        "loss": 0.86833
    },
    "37": {
        "accuracy": 0.7851,
        "precision": 0.7851,
        "recall": 0.7851,
        "f1": 0.7851,
        "loss": 0.83916
    },
    "38": {
        "accuracy": 0.7911,
        "precision": 0.7911,
        "recall": 0.7911,
        "f1": 0.7911,
        "loss": 0.81193
    },
    "39": {
        "accuracy": 0.7947,
        "precision": 0.7947,
        "recall": 0.7947,
        "f1": 0.7947,
        "loss": 0.78724
    },
    "40": {
        "accuracy": 0.7956,
        "precision": 0.7956,
        "recall": 0.7956,
        "f1": 0.7956,
        "loss": 0.76466
    },
    "41": {
        "accuracy": 0.802,
        "precision": 0.802,
        "recall": 0.802,
        "f1": 0.802,
        "loss": 0.7432
    },
    "42": {
        "accuracy": 0.8067,
        "precision": 0.8067,
        "recall": 0.8067,
        "f1": 0.8067,
        "loss": 0.72382
    },
    "43": {
        "accuracy": 0.8103,
        "precision": 0.8103,
        "recall": 0.8103,
        "f1": 0.8103,
        "loss": 0.70593
    },
    "44": {
        "accuracy": 0.8146,
        "precision": 0.8146,
        "recall": 0.8146,
        "f1": 0.8146,
        "loss": 0.68879
    },
    "45": {
        "accuracy": 0.8189,
        "precision": 0.8189,
        "recall": 0.8189,
        "f1": 0.8189,
        "loss": 0.67314
    },
    "46": {
        "accuracy": 0.8197,
        "precision": 0.8197,
        "recall": 0.8197,
        "f1": 0.8197,
        "loss": 0.65862
    },
    "47": {
        "accuracy": 0.8231,
        "precision": 0.8231,
        "recall": 0.8231,
        "f1": 0.8231,
        "loss": 0.64461
    },
    "48": {
        "accuracy": 0.8262,
        "precision": 0.8262,
        "recall": 0.8262,
        "f1": 0.8262,
        "loss": 0.63185
    },
    "49": {
        "accuracy": 0.8291,
        "precision": 0.8291,
        "recall": 0.8291,
        "f1": 0.8291,
        "loss": 0.62029
    },
    "50": {
        "accuracy": 0.8312,
        "precision": 0.8312,
        "recall": 0.8312,
        "f1": 0.8312,
        "loss": 0.60874
    },
    "51": {
        "accuracy": 0.8332,
        "precision": 0.8332,
        "recall": 0.8332,
        "f1": 0.8332,
        "loss": 0.59802
    },
    "52": {
        "accuracy": 0.836,
        "precision": 0.836,
        "recall": 0.836,
        "f1": 0.836,
        "loss": 0.58767
    },
    "53": {
        "accuracy": 0.8372,
        "precision": 0.8372,
        "recall": 0.8372,
        "f1": 0.8372,
        "loss": 0.57843
    },
    "54": {
        "accuracy": 0.8415,
        "precision": 0.8415,
        "recall": 0.8415,
        "f1": 0.8415,
        "loss": 0.56931
    },
    "55": {
        "accuracy": 0.8428,